{"inputUnits":[34],"outputUnits":2,"inputs":{"0":{"dtype":"number","min":154.92302018102504,"max":196.57649866245134},"1":{"dtype":"number","min":150.99286387402725,"max":285.8159680793258},"2":{"dtype":"number","min":157.67854968119224,"max":201.09467051465225},"3":{"dtype":"number","min":144.43429197318824,"max":280.22077247233705},"4":{"dtype":"number","min":147.30650953003405,"max":187.74181487680875},"5":{"dtype":"number","min":146.4484597291464,"max":279.00146484375},"6":{"dtype":"number","min":165.19368758739665,"max":208.9199750729572},"7":{"dtype":"number","min":148.5494636505958,"max":276.6745928456347},"8":{"dtype":"number","min":138.22485256566148,"max":181.3622961378283},"9":{"dtype":"number","min":151.4994741951909,"max":278.146371329341},"10":{"dtype":"number","min":175.18609880380595,"max":223.30602504863816},"11":{"dtype":"number","min":188.37027274402664,"max":298.5866423729329},"12":{"dtype":"number","min":138.47238836028697,"max":173.0898883982855},"13":{"dtype":"number","min":190.432409739216,"max":312.7215519174064},"14":{"dtype":"number","min":186.2817107323079,"max":242.2285688229572},"15":{"dtype":"number","min":219.87717826635458,"max":336.8985191968628},"16":{"dtype":"number","min":128.48414320890078,"max":165.8806057347398},"17":{"dtype":"number","min":223.71041721685387,"max":365.45738273650295},"18":{"dtype":"number","min":173.74900823808366,"max":273.5095965314932},"19":{"dtype":"number","min":163.7643548987719,"max":356.7101381056967},"20":{"dtype":"number","min":94.06092306055447,"max":184.97021104389592},"21":{"dtype":"number","min":162.84348970999514,"max":364.7262110134971},"22":{"dtype":"number","min":174.5650478021644,"max":212.69173778726895},"23":{"dtype":"number","min":298.5739489603599,"max":372.8877532602748},"24":{"dtype":"number","min":145.69540749635215,"max":184.34542383572472},"25":{"dtype":"number","min":297.2842100863327,"max":378.74308094069187},"26":{"dtype":"number","min":192.7893795503253,"max":228.82245609268602},"27":{"dtype":"number","min":378.11565330891295,"max":425.2448502477505},"28":{"dtype":"number","min":138.7668979511187,"max":166.26091318093387},"29":{"dtype":"number","min":377.78893045507056,"max":419.3740547862962},"30":{"dtype":"number","min":193.0392703045203,"max":267.8244134925219},"31":{"dtype":"number","min":442.60396543272736,"max":475.7173756402754},"32":{"dtype":"number","min":96.09314896995457,"max":159.6432478492826},"33":{"dtype":"number","min":447.7840431302438,"max":474.2574344145185}},"outputs":{"0":{"dtype":"string","min":0,"max":1,"uniqueValues":["Default","Side"],"legend":{"Default":[1,0],"Side":[0,1]}}},"isNormalized":true}